testCaseId,account_number_from,account_number_to
TC_TCIB_StandinOrder_003,77895,
TC_TCIB_StandinOrder_005,77895,
TC_TCIB_StandinOrder_006,77895,
TC_TCIB_StandinOrder_007,77895,
TC_TCIB_StandinOrder_008,77895,
TC_TCIB_StandinOrder_009,77895,
TC_TCIB_StandinOrder_010,77895,
TC_TCIB_StandinOrder_011,77895,
TC_TCIB_StandinOrder_012,77895,
TC_TCIB_StandinOrder_013,77895,
TC_TCIB_StandinOrder_014,77895,
TC_TCIB_StandinOrder_015,77895,
TC_TCIB_StandinOrder_016,77895,
TC_TCIB_StandinOrder_017,77895,
TC_TCIB_StandinOrder_018,77895,
TC_TCIB_StandinOrder_019,77895,
TC_TCIB_StandinOrder_020,77895,
